{
  "timestamp": "2026-01-01T08:14:52.302035",
  "optimized_weights": [
    0.011149558661193357,
    0.00344641618025487,
    0.5477371479479578,
    0.0288839206931496,
    0.40878295638683443
  ],
  "optimal_threshold": 0.09866155754375691,
  "optimal_fast_threshold": 0.6546150406500894,
  "auc_roc": 1.0,
  "metrics_at_threshold": {
    "precision": 0.2,
    "recall": 1.0
  }
}