{
  "timestamp": "2026-01-02T00:44:29.427141",
  "optimized_weights": [
    0.05555179547023016,
    0.09710106076273431,
    0.352742705000377,
    0.04229620142967464,
    0.45230823722209307
  ],
  "optimal_threshold": 0.7178817588289429,
  "optimal_fast_threshold": 0.50251723118026,
  "auc_roc": 1.0,
  "metrics_at_threshold": {
    "precision": 1.0,
    "recall": 1.0
  }
} 