{
  "timestamp": "2026-01-01T18:22:25.221314",
  "optimized_weights": [
    0.05495363479622671,
    0.10138825007856797,
    0.3489741399199649,
    0.04434929144461335,
    0.4503346836506786
  ],
  "optimal_threshold": 0.8445917089986309,
  "optimal_fast_threshold": 0.6549481559107023,
  "auc_roc": 1.0,
  "metrics_at_threshold": {
    "precision": 1.0,
    "recall": 1.0
  }
}