{
  "timestamp": "2026-01-01T10:05:46.656314",
  "optimized_weights": [
    0.001882528350682472,
    0.0013968769515002877,
    0.5265175596137942,
    0.01312359750052027,
    0.4570794375692996
  ],
  "optimal_threshold": 0.9336860661607317,
  "optimal_fast_threshold": 0.6014640008599225,
  "auc_roc": 1.0,
  "metrics_at_threshold": {
    "precision": 1.0,
    "recall": 0.99
  }
}