{
  "timestamp": "2026-01-01T02:45:55.988127",
  "config": {
    "threshold": 0.844591708998631,
    "weights": [
      0.05495363479622671,
      0.10138825007856797,
      0.3489741399199649,
      0.04434929144461335,
      0.4503346836506786
    ]
  },
  "metrics": {
    "accuracy": 1.0,
    "auc": 1.0,
    "false_positive_rate": 0.0,
    "detection_rate": 1.0,
    "confusion_matrix": {
      "tp": 50,
      "tn": 50,
      "fp": 0,
      "fn": 0
    }
  },
  "per_category": {
    "benign": {
      "accuracy": 1.0,
      "count": 50,
      "mean_score": 0.6416427539484683
    },
    "poison_5pct": {
      "accuracy": 1.0,
      "count": 50,
      "mean_score": 0.9070608791323437
    }
  },
  "failed_adapters": []
}